time,seconds_elapsed,z,y,x
1772811910299392300,0.106392333984375,0,0,0
1772811910309092900,0.1160927734375,0.01532602310180664,0.6206116676330566,-0.1465461701154709
1772811910328494600,0.13549462890625,-0.1890716552734375,0.22554254531860352,-0.5103094577789307
1772811910338195500,0.145195556640625,-0.23909664154052734,-0.20251846313476562,-0.7431753277778625
1772811910347896300,0.154896240234375,0.1538257598876953,-0.10572052001953125,-1.144937515258789
1772811910357597200,0.16459716796875,0.9545807838439941,0.5098690986633301,-1.6812622547149658
1772811910367298000,0.174298095703125,0.7732944488525391,1.0521068572998047,-1.61478590965271
1772811910376999000,0.1839990234375,0.7461309432983398,1.8399486541748047,-1.4854832887649536
1772811910386699500,0.193699462890625,1.8149476051330566,2.4989748001098633,-1.2309563159942627
1772811910396400400,0.203400390625,3.0173745155334473,2.603879451751709,-0.8519201278686523
1772811910406101200,0.213101318359375,3.2474803924560547,1.973250389099121,-0.3839157819747925
1772811910415802000,0.222802001953125,3.043458938598633,-0.11028480529785156,0.23768019676208496
1772811910425503000,0.2325029296875,2.4780025482177734,-1.9944040775299072,0.2354586124420166
1772811910435203600,0.24220361328125,2.0111255645751953,-2.438274383544922,-0.2791404724121094
1772811910444904400,0.251904541015625,2.3873887062072754,-2.3715357780456543,-0.39267611503601074
1772811910454605300,0.261605224609375,2.7242541313171387,-1.9874043464660645,-0.041732192039489746
1772811910464306200,0.27130615234375,2.786914825439453,-1.2653379440307617,0.641294002532959
1772811910474007000,0.281007080078125,2.1434755325317383,-0.5906796455383301,1.3347300291061401
1772811910483708000,0.2907080078125,2.5249624252319336,-0.558502197265625,1.6688451766967773
1772811910493408800,0.30040869140625,2.2731285095214844,-0.6133317947387695,1.8671057224273682
1772811910503109600,0.310109619140625,1.9396705627441406,-0.7521791458129883,2.070289134979248
1772811910512810200,0.319810302734375,2.3995018005371094,-0.9835100173950195,2.1180036067962646
1772811910522511000,0.329510986328125,2.5550928115844727,-1.0989899635314941,2.2848706245422363
1772811910532212000,0.3392119140625,2.9347190856933594,-1.145604133605957,2.1767961978912354
1772811910541912800,0.348912841796875,3.3054122924804688,-1.1253018379211426,1.8389445543289185
1772811910551613700,0.35861376953125,3.264580726623535,-1.142930030822754,1.4807500839233398
1772811910561314300,0.368314208984375,2.8245468139648438,-1.2785859107971191,0.9732260704040527
1772811910571015200,0.37801513671875,2.7960243225097656,-1.270127773284912,0.7733500003814697
1772811910580716000,0.387716064453125,2.554511070251465,-0.728269100189209,0.811386227607727
1772811910590417000,0.3974169921875,1.8639183044433594,-0.6362128257751465,0.8932418823242188
1772811910600117800,0.40711767578125,1.4774799346923828,-1.1806244850158691,1.5074820518493652
1772811910609818400,0.416818359375,0.8658905029296875,-1.7186546325683594,2.2249770164489746
1772811910619519200,0.426519287109375,0.4656829833984375,-1.8343689441680908,2.4860987663269043
1772811910629220000,0.43622021484375,0.5238323211669922,-1.7848854064941406,2.281784772872925
1772811910638921000,0.4459208984375,0.0742940902709961,-1.434180736541748,1.9346345663070679
1772811910648621800,0.455621826171875,-0.2853994369506836,-0.9935522079467773,1.8464165925979614
1772811910658322700,0.46532275390625,-0.40292835235595703,-1.0236868858337402,1.8004597425460815
1772811910668023600,0.4750234375,-0.4755411148071289,-1.386655330657959,1.8974323272705078
1772811910677724400,0.484724365234375,-0.508091926574707,-1.6491525173187256,1.9424697160720825
1772811910687425000,0.494425048828125,-0.29093170166015625,-1.7201542854309082,1.8864843845367432
1772811910697126000,0.5041259765625,-0.35160064697265625,-1.7874469757080078,1.782911777496338
1772811910706826800,0.51382666015625,-0.2820863723754883,-1.908212661743164,1.6571509838104248
1772811910716527600,0.523527587890625,-0.030137062072753906,-2.0115575790405273,1.4812448024749756
1772811910726228500,0.533228515625,0.14646244049072266,-2.084200382232666,1.3757613897323608
1772811910735929000,0.54292919921875,0.3206787109375,-2.1233158111572266,1.2564888000488281
1772811910745630000,0.5526298828125,0.5070123672485352,-2.2020602226257324,1.0873308181762695
1772811910755330800,0.562330810546875,0.6632051467895508,-2.423334836959839,0.878112256526947
1772811910765031700,0.57203173828125,0.9841375350952148,-2.6896920204162598,0.8396445512771606
1772811910774732500,0.581732666015625,1.0295696258544922,-2.9734556674957275,0.7796064615249634
1772811910784433400,0.591433349609375,0.8685569763183594,-3.2729203701019287,0.8836841583251953
1772811910794134300,0.60113427734375,0.890385627746582,-3.335498094558716,1.0180515050888062
1772811910803835000,0.6108349609375,0.9165191650390625,-3.300233840942383,0.8875873684883118
1772811910813535700,0.62053564453125,0.6516237258911133,-3.0872440338134766,0.7004618644714355
1772811910823236600,0.630236572265625,0.24164485931396484,-2.8616905212402344,0.5523885488510132
1772811910832937500,0.6399375,-0.20111560821533203,-2.5627593994140625,0.312752902507782
1772811910842638300,0.649638427734375,-0.5731649398803711,-2.2726759910583496,0.09413275122642517
1772811910852339200,0.659339111328125,-0.7791500091552734,-2.07380747795105,-0.08279426395893097
1772811910862040000,0.6690400390625,-0.9012975692749023,-2.0158205032348633,-0.19242505729198456
1772811910871740700,0.67874072265625,-0.8125052452087402,-2.247249126434326,-0.17517107725143433
1772811910881441500,0.688441650390625,-0.7260241508483887,-2.5272879600524902,0.01793166995048523
1772811910891142400,0.698142333984375,-0.5805025100708008,-2.8107783794403076,0.13779062032699585
1772811910900843300,0.70784326171875,-0.576624870300293,-2.8196513652801514,0.2115938365459442
1772811910910544000,0.7175439453125,-0.8812360763549805,-2.556408166885376,0.537228524684906
1772811910920244700,0.72724462890625,-1.06681489944458,-2.663034439086914,0.3741108775138855
1772811910929945600,0.736945556640625,-1.3066482543945312,-2.6909193992614746,0.1250552535057068
1772811910939646500,0.746646484375,-1.2280845642089844,-2.4166228771209717,-0.19967788457870483
1772811910949347300,0.756347412109375,-1.0435290336608887,-2.1671347618103027,-0.4766803979873657
1772811910959048200,0.766048095703125,-1.246363639831543,-1.9869730472564697,-0.7802032828330994
1772811910968749000,0.7757490234375,-1.710512638092041,-1.8359456062316895,-1.1509509086608887
1772811910978450000,0.785449951171875,-1.708085536956787,-1.643550157546997,-1.4780375957489014
1772811910988150500,0.795150634765625,-1.4980993270874023,-1.3992023468017578,-1.6333972215652466
1772811910997851400,0.804851318359375,-1.4213981628417969,-1.26749849319458,-1.6837655305862427
1772811911007552300,0.81455224609375,-1.3500914573669434,-1.2740418910980225,-1.7231627702713013
1772811911017253000,0.824253173828125,-1.2387499809265137,-1.2403192520141602,-1.722520112991333
1772811911026954000,0.8339541015625,-1.097203254699707,-0.9682631492614746,-1.749143123626709
1772811911036654800,0.84365478515625,-1.0283265113830566,-0.7390520572662354,-1.648547649383545
1772811911046355500,0.85335546875,-1.01580810546875,-0.5960888862609863,-1.421842336654663
1772811911056056300,0.863056396484375,-0.7744970321655273,-0.5714802742004395,-1.3585231304168701
1772811911065757200,0.872757080078125,-0.5486373901367188,-0.4231109619140625,-1.3282859325408936
1772811911075458000,0.8824580078125,-0.2328176498413086,-0.2423861026763916,-1.1875479221343994
1772811911085159000,0.892158935546875,0.055098533630371094,-0.32270240783691406,-1.2091050148010254
1772811911094859500,0.901859619140625,0.5876960754394531,-0.25038886070251465,-1.1621283292770386
1772811911104560400,0.911560302734375,1.1531200408935547,-0.026742219924926758,-1.1370904445648193
1772811911114261200,0.92126123046875,1.514150619506836,0.15926694869995117,-1.1656882762908936
1772811911123962000,0.930962158203125,1.650491714477539,0.23783111572265625,-1.1331236362457275
1772811911133663000,0.9406630859375,1.7867050170898438,0.22746062278747559,-0.9614599347114563
1772811911143363800,0.95036376953125,1.9046316146850586,0.26915597915649414,-0.8093258142471313
1772811911153064400,0.960064453125,1.910386085510254,0.34653592109680176,-0.7516338229179382
1772811911162765300,0.969765380859375,1.8609294891357422,0.4549276828765869,-0.8137915134429932
1772811911172466200,0.979466064453125,1.7678346633911133,0.5270743370056152,-0.9891824126243591
1772811911182167000,0.9891669921875,1.6607494354248047,0.6668994426727295,-1.1959635019302368
1772811911191868000,0.998867919921875,1.582362174987793,0.7118830680847168,-1.3751031160354614
1772811911201568800,1.00856884765625,1.6054601669311523,0.8101639747619629,-1.3891905546188354
1772811911211269600,1.01826953125,1.7243671417236328,0.8793575763702393,-1.3412449359893799
1772811911220970200,1.02797021484375,1.8197975158691406,0.814403772354126,-1.2360353469848633
1772811911230671000,1.037671142578125,1.757314682006836,0.8598817586898804,-0.9753978252410889
1772811911240372000,1.0473720703125,1.7423715591430664,0.9418895244598389,-0.7265072464942932
1772811911250072800,1.05707275390625,1.666579246520996,0.9854222536087036,-0.4517006278038025
1772811911259773700,1.066773681640625,1.379603385925293,1.0396580696105957,-0.2127719521522522
1772811911269474300,1.076474365234375,1.0704145431518555,1.0856878757476807,0.03987091779708862
1772811911279175200,1.086175048828125,0.8388967514038086,1.061300277709961,0.3953157663345337
1772811911288876000,1.0958759765625,0.65997314453125,1.0187915563583374,0.7492689490318298
1772811911298577000,1.105576904296875,0.3937540054321289,0.9921135902404785,0.9056442379951477
1772811911308277800,1.11527783203125,-0.24323654174804688,0.6841496229171753,0.5212393999099731
1772811911317978600,1.124978515625,-0.8989248275756836,0.8441711664199829,0.2909153699874878
1772811911327679200,1.13467919921875,-1.4538931846618652,1.263830542564392,0.1849435567855835
1772811911337380000,1.144380126953125,-2.064209461212158,0.9212992191314697,0.07556462287902832
1772811911347081000,1.1540810546875,-2.581125259399414,0.4143812656402588,0.3921865224838257
1772811911356781800,1.16378173828125,-3.002556324005127,0.01685655117034912,0.432186484336853
1772811911366482700,1.173482666015625,-3.3661036491394043,-0.145607590675354,0.3998948335647583
1772811911376183600,1.18318359375,-3.632321834564209,-0.18850064277648926,0.19712567329406738
1772811911385884400,1.192884521484375,-4.032107353210449,-0.24558520317077637,0.02662193775177002
1772811911395585000,1.2025849609375,-4.50026798248291,-0.436012864112854,-0.025522708892822266
1772811911405286000,1.212285888671875,-4.8915228843688965,-0.7881503105163574,-0.025346755981445312
1772811911414986800,1.22198681640625,-5.216982364654541,-1.2515075206756592,0.05655181407928467
1772811911424687600,1.2316875,-5.350229740142822,-1.801971435546875,0.38868939876556396
1772811911434388500,1.241388427734375,-5.371635913848877,-2.42150616645813,0.8127598762512207
1772811911444089000,1.251089111328125,-5.3061957359313965,-2.9440431594848633,1.1645876169204712
1772811911453790000,1.2607900390625,-5.1380181312561035,-3.156682252883911,1.1366761922836304
1772811911463490800,1.27049072265625,-4.497439384460449,-2.971935749053955,0.8252005577087402
1772811911473191700,1.280191650390625,-3.8357276916503906,-2.6052026748657227,0.3982139825820923
1772811911482892500,1.289892578125,-2.6153430938720703,-2.0173697471618652,-0.15381217002868652
1772811911492593200,1.29959326171875,-0.9149446487426758,-1.140386939048767,-0.7711448669433594
1772811911502294000,1.3092939453125,1.7206382751464844,0.08734190464019775,-1.1832070350646973
1772811911511995000,1.318994873046875,5.600438117980957,0.9797821044921875,-0.5823125839233398
1772811911521695700,1.32869580078125,10.661888122558594,1.083505630493164,1.0452213287353516
1772811911531396600,1.338396728515625,16.13435935974121,0.8236875534057617,3.3031435012817383
1772811911541097500,1.348097412109375,21.547630310058594,-0.1677548885345459,5.43596887588501
1772811911550798300,1.35779833984375,25.610185623168945,-0.719684362411499,6.399032115936279
1772811911560499000,1.3674990234375,27.750394821166992,-0.4482566714286804,5.873983383178711
1772811911570199800,1.37719970703125,27.531661987304688,0.4452856779098511,4.272772789001465
1772811911579900700,1.386900634765625,25.661191940307617,1.7891080379486084,1.8216791152954102
1772811911589601500,1.3966015625,23.229257583618164,3.524567127227783,-1.0961811542510986
1772811911599302400,1.406302490234375,20.817115783691406,4.823713779449463,-3.117751359939575
1772811911609003300,1.416003173828125,18.993268966674805,5.342290878295898,-3.3674001693725586
1772811911618704000,1.425703857421875,18.096628189086914,5.44646692276001,-2.1430606842041016
1772811911628404700,1.43540478515625,16.638336181640625,5.360089302062988,0.47979599237442017
1772811911638105600,1.445105712890625,14.558158874511719,4.765011310577393,3.9185690879821777
1772811911647806500,1.454806396484375,12.391977310180664,4.64262580871582,6.612534046173096
1772811911657507300,1.46450732421875,10.320024490356445,4.564536094665527,8.185596466064453
1772811911667208000,1.4742080078125,8.589519500732422,3.9294893741607666,8.65377426147461
1772811911676908800,1.48390869140625,7.328085899353027,2.8622055053710938,7.829756259918213
1772811911686609700,1.493609619140625,6.434488296508789,1.9125354290008545,5.489264011383057
1772811911696310500,1.503310546875,5.436058044433594,0.9773130416870117,2.809039831161499
1772811911706011400,1.513011474609375,3.8266782760620117,-0.0823674201965332,0.30736297369003296
1772811911715712000,1.5227119140625,2.1571760177612305,-0.6572384834289551,-1.3247249126434326
1772811911725412900,1.532412841796875,-0.3318605422973633,-1.1394884586334229,-2.1622960567474365
1772811911735113700,1.54211376953125,-3.125260353088379,-2.2274842262268066,-2.1924822330474854
1772811911744814600,1.551814697265625,-5.071542263031006,-3.227930784225464,-2.071669340133667
1772811911754515500,1.561515380859375,-6.638972282409668,-4.163668155670166,-1.7952513694763184
1772811911764216300,1.57121630859375,-7.777660846710205,-5.219364166259766,-1.6587975025177002
1772811911773917200,1.580917236328125,-8.94365119934082,-5.801358222961426,-1.4005873203277588
1772811911783617800,1.59061767578125,-9.794501304626465,-6.317908763885498,-0.965925931930542
1772811911793318700,1.600318603515625,-10.951935768127441,-6.847160339355469,-0.5333505272865295
1772811911803019500,1.61001953125,-11.951740264892578,-7.286798477172852,-0.21896794438362122
1772811911812720400,1.619720458984375,-12.847904205322266,-7.433147430419922,-0.3371373414993286
1772811911822421200,1.629421142578125,-13.307806968688965,-7.232279300689697,-0.6834140419960022
1772811911832122000,1.6391220703125,-13.617155075073242,-7.093389511108398,-0.9969313740730286
1772811911841823000,1.648822998046875,-13.66659927368164,-7.191216468811035,-1.0209193229675293
1772811911851523600,1.658523681640625,-13.568767547607422,-7.454484939575195,-0.8569644689559937
1772811911861224400,1.668224365234375,-13.282173156738281,-7.915593147277832,-0.5838379859924316
1772811911870925300,1.67792529296875,-12.883634567260742,-8.143780708312988,-0.3870195150375366
1772811911880626200,1.687626220703125,-12.1328763961792,-8.199800491333008,-0.2725324034690857
1772811911890327000,1.6973271484375,-11.422125816345215,-8.37140941619873,-0.046300873160362244
1772811911900027600,1.707027587890625,-10.683147430419922,-8.478592872619629,0.1704939603805542
1772811911909728500,1.716728515625,-9.692710876464844,-8.615987777709961,0.1927945464849472
1772811911919429400,1.726429443359375,-8.835678100585938,-8.893718719482422,0.09760785102844238
1772811911929130200,1.736130126953125,-8.10471248626709,-9.257359504699707,0.17787112295627594
1772811911938831000,1.7458310546875,-7.40534782409668,-9.604314804077148,0.14959830045700073
1772811911948531700,1.75553173828125,-6.849307537078857,-9.7569580078125,-0.07418524473905563
1772811911958232600,1.765232666015625,-6.451744079589844,-9.733924865722656,-0.49700218439102173
1772811911967933400,1.774933349609375,-6.270901203155518,-9.6964693069458,-0.838667094707489
1772811911977634300,1.78463427734375,-6.327001571655273,-9.589290618896484,-1.0586827993392944
1772811911987335200,1.794335205078125,-6.4588236808776855,-9.46004581451416,-1.1784653663635254
1772811911997035800,1.804035888671875,-6.4567790031433105,-9.350488662719727,-1.2126104831695557
1772811912006736600,1.813736572265625,-6.328761577606201,-9.22348690032959,-1.1497437953948975
1772811912016437500,1.8234375,-6.186299800872803,-9.154714584350586,-0.9631474018096924
1772811912026138400,1.833138427734375,-6.0997314453125,-9.062484741210938,-0.7797564268112183
1772811912035839200,1.842839111328125,-6.050998687744141,-8.889387130737305,-0.6023831367492676
1772811912045540000,1.8525400390625,-6.030584335327148,-8.624814987182617,-0.4605855345726013
1772811912055240700,1.86224072265625,-5.876708984375,-8.432249069213867,-0.2231035828590393
1772811912064941600,1.871941650390625,-5.590795040130615,-8.14896011352539,-0.14496129751205444
1772811912074642400,1.881642333984375,-5.25446891784668,-7.75533390045166,-0.07572102546691895
1772811912084343300,1.89134326171875,-5.073995113372803,-7.420578956604004,0.04347801208496094
1772811912094044200,1.901044189453125,-4.916997909545898,-7.021938800811768,0.01693052053451538
1772811912103745000,1.9107451171875,-4.8822221755981445,-6.435189723968506,-0.3267323970794678
1772811912113446000,1.92044580078125,-4.9285688400268555,-5.413183689117432,-0.9594298005104065
1772811912123146500,1.930146484375,-5.068845272064209,-4.003681182861328,-1.600095272064209
1772811912132847400,1.939847412109375,-4.569453239440918,-2.6459908485412598,-2.2483327388763428
1772811912142548200,1.94954833984375,-3.9075136184692383,-0.9803986549377441,-3.294661045074463
1772811912152249000,1.9592490234375,-2.4466917514801025,1.8934712409973145,-4.858103275299072
1772811912161950000,1.968949951171875,0.3006267547607422,6.060560703277588,-6.743167877197266
1772811912171650600,1.978650634765625,4.714710235595703,10.674581527709961,-8.438475608825684
1772811912181351400,1.988351318359375,9.552058219909668,11.773187637329102,-7.014627456665039
1772811912191052300,1.99805224609375,13.332807540893555,10.344653129577637,-3.149362564086914
1772811912200753200,2.007753173828125,17.74040412902832,11.075183868408203,1.5846538543701172
1772811912210454000,2.0174541015625,21.187965393066406,10.673410415649414,6.8556742668151855
1772811912220154600,2.027154541015625,23.784740447998047,8.109724044799805,10.954816818237305
1772811912229855500,2.03685546875,27.264373779296875,5.937037467956543,11.041644096374512
1772811912239556400,2.046556396484375,30.10190200805664,5.963236331939697,6.568243026733398
1772811912249257200,2.05625732421875,30.905559539794922,7.60360050201416,0.22765672206878662
1772811912258958000,2.0659580078125,29.509904861450195,9.294163703918457,-4.677637577056885
1772811912268658700,2.07565869140625,25.11617660522461,9.803305625915527,-6.604811191558838
1772811912278359600,2.085359619140625,18.59966468811035,9.303796768188477,-5.367922782897949
1772811912288060400,2.095060302734375,11.83247184753418,8.28390121459961,-2.023181200027466
1772811912297761300,2.10476123046875,4.802637100219727,7.094205856323242,2.219151735305786
1772811912307462100,2.114462158203125,-2.0763940811157227,6.367201805114746,4.968849182128906
1772811912317162800,2.124162841796875,-7.598963260650635,5.8057098388671875,5.97099494934082
1772811912326863600,2.133863525390625,-10.92121696472168,5.321573734283447,5.407093048095703
1772811912336564500,2.143564453125,-12.564348220825195,4.462470531463623,4.591433525085449
1772811912346265300,2.153265380859375,-12.759649276733398,3.654721736907959,3.270906686782837
1772811912355966200,2.16296630859375,-12.251605987548828,2.49198317527771,1.6462514400482178
1772811912365667000,2.1726669921875,-10.640806198120117,1.0853443145751953,0.042464256286621094
1772811912375368000,2.182367919921875,-8.725059509277344,-0.22152924537658691,-1.4742357730865479
1772811912385068500,2.192068603515625,-7.205723762512207,-1.3017668724060059,-2.5729482173919678
1772811912394769400,2.201769287109375,-6.253898620605469,-2.1531782150268555,-3.398365020751953
1772811912404470300,2.21147021484375,-5.937736988067627,-2.770251512527466,-3.7921411991119385
1772811912414171100,2.221171142578125,-6.527181625366211,-3.2545857429504395,-3.7298498153686523
1772811912423872000,2.2308720703125,-7.5638251304626465,-3.6460771560668945,-3.5139198303222656
1772811912433572900,2.24057275390625,-8.53223705291748,-3.853787899017334,-3.466874599456787
1772811912443273500,2.2502734375,-9.475648880004883,-3.7296640872955322,-3.2560815811157227
1772811912452974300,2.259974365234375,-10.234773635864258,-3.5485897064208984,-2.9511256217956543
1772811912462675200,2.26967529296875,-10.537825584411621,-3.2395577430725098,-2.889007329940796
1772811912472376000,2.2793759765625,-10.46955680847168,-3.07389497756958,-2.928687810897827
1772811912482077000,2.289076904296875,-9.946343421936035,-2.93864107131958,-2.9335215091705322
1772811912491777500,2.298777587890625,-9.248019218444824,-2.929281711578369,-2.904794216156006
1772811912501478400,2.308478515625,-8.412885665893555,-3.0049655437469482,-2.7749404907226562
1772811912511179300,2.31817919921875,-7.379111289978027,-3.1160683631896973,-2.652160882949829
1772811912520880000,2.327880126953125,-6.329620361328125,-3.1923577785491943,-2.422900676727295
1772811912530581000,2.3375810546875,-5.433104038238525,-3.307532787322998,-2.1695632934570312
1772811912540281600,2.347281494140625,-4.733580112457275,-3.379605293273926,-2.003809928894043
1772811912549982500,2.356982421875,-4.13041877746582,-3.361093759536743,-1.9497504234313965
1772811912559683300,2.366683349609375,-3.706491470336914,-3.4329888820648193,-1.667654037475586
1772811912569384200,2.37638427734375,-3.489208221435547,-3.4195804595947266,-1.3938484191894531
1772811912579085000,2.3860849609375,-3.4217381477355957,-3.22979736328125,-1.4140106439590454
1772811912588785700,2.39578564453125,-3.6060686111450195,-2.901153802871704,-1.6063885688781738
1772811912598486500,2.405486572265625,-3.5021843910217285,-2.482996702194214,-1.877326488494873
1772811912608187400,2.4151875,-3.1558709144592285,-2.0867390632629395,-2.0793235301971436
1772811912617888300,2.42488818359375,-2.3896570205688477,-1.377324104309082,-2.291355609893799
1772811912627589000,2.434589111328125,-0.7257270812988281,-0.2176351547241211,-2.332357406616211
1772811912637289700,2.444289794921875,1.9631061553955078,1.2577579021453857,-1.8618443012237549
1772811912646990600,2.453990478515625,6.183340072631836,2.9336540699005127,-0.6976655721664429
1772811912656691500,2.46369140625,11.528228759765625,4.344301223754883,1.3414418697357178
1772811912666392300,2.473392333984375,18.14537811279297,5.088227272033691,4.050039768218994
1772811912676093200,2.48309326171875,25.313283920288086,4.56768798828125,7.720309734344482
1772811912685793800,2.492793701171875,31.690597534179688,3.947070598602295,11.325554847717285
1772811912695494700,2.50249462890625,35.947998046875,3.956388235092163,14.218852996826172
1772811912705195500,2.512195556640625,37.71416091918945,3.8081390857696533,15.648771286010742
1772811912714896400,2.521896484375,36.950531005859375,3.254317283630371,14.701810836791992
1772811912724597200,2.53159716796875,34.389305114746094,3.2975499629974365,11.123068809509277
1772811912734297900,2.5412978515625,30.823612213134766,3.871882200241089,6.832354545593262
1772811912743998700,2.550998779296875,26.048587799072266,4.101075649261475,3.654850959777832
1772811912753699600,2.560699462890625,20.726991653442383,4.425602912902832,1.5423893928527832
1772811912763400400,2.570400390625,15.184444427490234,4.939772605895996,0.4266335964202881
1772811912773101300,2.580101318359375,9.667532920837402,4.967864036560059,0.29954075813293457
1772811912782802200,2.58980224609375,4.638496398925781,4.042436599731445,0.22599267959594727
1772811912792502800,2.599502685546875,-0.1369771957397461,3.2100210189819336,-0.8489084243774414
1772811912802203600,2.60920361328125,-4.181072235107422,3.4052586555480957,-2.4201900959014893
1772811912811904500,2.618904541015625,-7.337128639221191,2.1638102531433105,-3.985247850418091
1772811912821605400,2.62860546875,-9.87402057647705,0.503654956817627,-5.025301456451416
1772811912831306200,2.63830615234375,-11.651572227478027,-0.676032543182373,-5.935406684875488
1772811912841007000,2.648007080078125,-11.875564575195312,-1.7793467044830322,-6.330164909362793
1772811912850707700,2.657707763671875,-10.971134185791016,-2.7518222332000732,-6.389681816101074
1772811912860408600,2.66740869140625,-9.706478118896484,-3.432760238647461,-5.834547519683838
1772811912870109400,2.677109375,-8.640499114990234,-4.114238262176514,-4.755640029907227
1772811912879810300,2.686810302734375,-8.063940048217773,-4.952549457550049,-3.606482982635498
1772811912889511200,2.69651123046875,-8.01198673248291,-5.358119964599609,-2.9139952659606934
1772811912899211800,2.706211669921875,-8.398351669311523,-5.4556427001953125,-2.729763984680176
1772811912908912600,2.71591259765625,-8.880640029907227,-5.235057830810547,-2.7158656120300293
1772811912918613500,2.725613525390625,-9.517873764038086,-4.875985145568848,-2.8644392490386963
1772811912928314400,2.735314453125,-10.102028846740723,-4.473215103149414,-2.964412212371826
1772811912938015200,2.74501513671875,-10.752376556396484,-4.329349994659424,-3.0707764625549316
1772811912947716000,2.754716064453125,-11.151116371154785,-4.161006450653076,-2.900071382522583
1772811912957416700,2.764416748046875,-11.563322067260742,-4.015806198120117,-2.696577310562134
1772811912967117600,2.77411767578125,-11.640040397644043,-3.6993865966796875,-2.493251323699951
1772811912976818400,2.783818359375,-10.872552871704102,-3.6036157608032227,-2.1465256214141846
1772811912986519300,2.793519287109375,-9.703802108764648,-3.531719446182251,-1.9508638381958008
1772811912996220200,2.80322021484375,-8.338347434997559,-3.5540239810943604,-2.0186350345611572
1772811913005920800,2.812920654296875,-6.690829753875732,-3.5252721309661865,-2.4312503337860107
1772811913015621600,2.82262158203125,-5.4144287109375,-3.3363969326019287,-2.7966084480285645
1772811913025322500,2.832322509765625,-4.575260162353516,-3.7108592987060547,-2.7413554191589355
1772811913035023400,2.8420234375,-3.662149429321289,-4.2594499588012695,-2.767958641052246
1772811913044724200,2.85172412109375,-3.3930420875549316,-4.023036479949951,-3.0038931369781494
1772811913054424800,2.8614248046875,-3.5316591262817383,-3.775364875793457,-3.2291221618652344
1772811913064125700,2.871125732421875,-3.9306726455688477,-3.7125096321105957,-3.2798619270324707
1772811913073826600,2.88082666015625,-4.34348201751709,-3.5519375801086426,-3.3034400939941406
1772811913083527400,2.89052734375,-4.6556010246276855,-3.3827223777770996,-3.2542097568511963
1772811913093228300,2.900228271484375,-4.859764099121094,-3.340582847595215,-3.148603916168213
1772811913102929000,2.909928955078125,-4.979955196380615,-3.2924485206604004,-3.056943893432617
1772811913112629800,2.919629638671875,-5.024710655212402,-3.2306275367736816,-3.008270740509033
1772811913122330600,2.92933056640625,-5.07840633392334,-3.1195881366729736,-2.901240348815918
1772811913132031500,2.939031494140625,-5.209200859069824,-3.055612802505493,-2.6919302940368652
1772811913141732400,2.948732421875,-5.611223220825195,-3.0655405521392822,-2.391047239303589
1772811913151433000,2.958432861328125,-5.876304626464844,-2.93880033493042,-2.2409751415252686
1772811913161133800,2.9681337890625,-6.010676383972168,-2.853013515472412,-2.0566914081573486
1772811913170834700,2.977834716796875,-5.962367057800293,-2.8440566062927246,-1.8337113857269287
1772811913180535600,2.98753564453125,-5.774637699127197,-2.7751975059509277,-1.6883728504180908
1772811913190236400,2.997236328125,-5.822962760925293,-2.5643973350524902,-1.5407092571258545
1772811913199937000,3.00693701171875,-5.5855207443237305,-2.4709484577178955,-1.1621472835540771
1772811913209638000,3.016637939453125,-5.106500148773193,-1.884555697441101,-1.061471939086914
1772811913219338800,3.0263388671875,-4.065868377685547,-0.5065252780914307,-1.2344491481781006
1772811913229039600,3.03603955078125,-2.0746774673461914,0.9164087772369385,-1.2786622047424316
1772811913238740500,3.045740478515625,1.1719350814819336,2.6444075107574463,-0.8086273670196533
1772811913248441000,3.055441162109375,6.286404609680176,4.5828728675842285,0.19452190399169922
1772811913258142000,3.065141845703125,11.558218002319336,6.196780204772949,2.061124801635742
1772811913267842800,3.0748427734375,15.845084190368652,6.610411643981934,4.321510314941406
1772811913277543700,3.084543701171875,18.72081756591797,4.970590114593506,7.869513511657715
1772811913287244500,3.09424462890625,19.450450897216797,4.2991156578063965,10.913115501403809
1772811913296945200,3.103945068359375,20.351470947265625,5.114292144775391,12.326395034790039
1772811913306646000,3.11364599609375,21.26761245727539,5.24308443069458,12.903681755065918
1772811913316347000,3.123346923828125,21.86932373046875,4.935773849487305,11.622232437133789
1772811913326047700,3.1330478515625,22.750476837158203,4.5250020027160645,8.928141593933105
1772811913335748400,3.142748291015625,23.084003448486328,4.2424421310424805,5.763185501098633
1772811913345449200,3.15244921875,22.1632080078125,4.302084922790527,2.924046039581299
1772811913355150000,3.162150146484375,20.269121170043945,4.865206718444824,0.9523932933807373
1772811913364851000,3.171850830078125,17.674179077148438,5.2644548416137695,0.3055577278137207
1772811913374551800,3.1815517578125,14.525956153869629,5.4583821296691895,0.32570862770080566
1772811913384252400,3.19125244140625,11.071840286254883,5.1593427658081055,0.6451809406280518
1772811913393953300,3.200953369140625,7.04727840423584,4.6511430740356445,1.257425308227539
1772811913403654100,3.210654052734375,2.97171688079834,4.072569847106934,1.6019916534423828
1772811913413355000,3.22035498046875,-0.6514701843261719,3.562122106552124,1.4518139362335205
1772811913423056000,3.230055908203125,-3.4385557174682617,3.08384370803833,1.014981746673584
1772811913432756500,3.239756591796875,-5.547711372375488,2.4723780155181885,0.3785395622253418
1772811913442457300,3.249457275390625,-6.978293418884277,1.7888946533203125,-0.418520450592041
1772811913452158200,3.259158203125,-7.8829755783081055,1.0613701343536377,-1.2747929096221924
1772811913461859000,3.268859130859375,-8.344310760498047,0.2886543273925781,-2.0141348838806152
1772811913471560000,3.278559814453125,-8.670899391174316,-0.5473711490631104,-2.270873546600342
1772811913481260500,3.288260498046875,-8.940190315246582,-1.3755724430084229,-2.162081241607666
1772811913490961400,3.29796142578125,-9.21737289428711,-2.1257119178771973,-2.030740737915039
1772811913500662300,3.307662353515625,-9.567461967468262,-2.6796040534973145,-1.9732002019882202
1772811913510363100,3.317363037109375,-9.743059158325195,-3.1622371673583984,-2.115621566772461
1772811913520064000,3.32706396484375,-9.925987243652344,-3.548975944519043,-2.241130828857422
1772811913529764600,3.3367646484375,-10.184748649597168,-3.81587815284729,-2.3080971240997314
1772811913539465500,3.346465576171875,-10.477378845214844,-3.9955363273620605,-2.2862002849578857
1772811913549166300,3.356166259765625,-10.837146759033203,-4.073343753814697,-2.4330203533172607
1772811913558867200,3.3658671875,-11.254748344421387,-4.122399806976318,-2.5826199054718018
1772811913568568000,3.375568115234375,-11.462300300598145,-4.168591499328613,-2.7764577865600586
1772811913578268700,3.3852685546875,-11.52507209777832,-4.13575553894043,-2.9712073802948
1772811913587969500,3.394969482421875,-11.444938659667969,-4.0846662521362305,-3.102975606918335
1772811913597670400,3.40467041015625,-11.306814193725586,-3.9413137435913086,-3.088653326034546
1772811913607371300,3.414371337890625,-11.146208763122559,-3.8752694129943848,-3.016458511352539
1772811913617072000,3.424072021484375,-10.853981018066406,-3.8298182487487793,-2.989304780960083
1772811913626772700,3.433772705078125,-10.489889144897461,-3.714298963546753,-3.020963668823242
1772811913636473600,3.4434736328125,-10.01492977142334,-3.6296660900115967,-3.080277919769287
1772811913646174500,3.453174560546875,-9.34498405456543,-3.6795942783355713,-3.026655673980713
1772811913655875300,3.462875244140625,-8.778581619262695,-3.670292854309082,-2.9038257598876953
1772811913665576200,3.472576171875,-8.472844123840332,-3.639906883239746,-2.828676700592041
1772811913675276800,3.48227685546875,-8.124009132385254,-3.639594078063965,-2.74700927734375
1772811913684977700,3.491977783203125,-7.887564182281494,-3.5529227256774902,-2.5313892364501953
1772811913694678500,3.501678466796875,-7.640186786651611,-3.4346923828125,-2.3049092292785645
1772811913704379400,3.51137939453125,-7.4474077224731445,-3.277801275253296,-2.2371151447296143
1772811913714080300,3.521080322265625,-7.489989757537842,-3.139662742614746,-2.2893340587615967
1772811913723780900,3.53078076171875,-7.392322540283203,-3.1215438842773438,-2.2999801635742188
1772811913733481700,3.540481689453125,-7.065731048583984,-3.0328338146209717,-2.2492334842681885
1772811913743182600,3.5501826171875,-6.1711812019348145,-2.7590434551239014,-2.148716449737549
1772811913752883500,3.559883544921875,-5.330227851867676,-2.4201972484588623,-1.7643821239471436
1772811913762584300,3.569584228515625,-4.3461103439331055,-1.6911978721618652,-1.248767614364624
1772811913772285000,3.579284912109375,-2.7166223526000977,-0.13875746726989746,-0.529994010925293
1772811913781985800,3.58898583984375,0.334381103515625,1.291128158569336,1.4212901592254639
1772811913791686700,3.598686767578125,6.146008491516113,2.3385143280029297,5.34872579574585
1772811913801387500,3.608387451171875,14.21396255493164,3.8346097469329834,9.537979125976562
1772811913811088400,3.61808837890625,21.569538116455078,4.435369968414307,13.454883575439453
1772811913820789000,3.6277890625,27.758831024169922,4.297337532043457,16.449304580688477
1772811913830489900,3.63748974609375,33.148468017578125,5.161943435668945,17.570415496826172
1772811913840190700,3.647190673828125,36.507972717285156,5.595209121704102,18.1752986907959
1772811913849891600,3.6568916015625,38.78010559082031,6.302641868591309,18.094083786010742
1772811913859592400,3.666592529296875,40.04674530029297,6.892719268798828,17.489482879638672
1772811913869293000,3.67629296875,39.95573806762695,6.673355579376221,16.544410705566406
1772811913878994000,3.685993896484375,37.98805236816406,6.923924446105957,15.615175247192383
1772811913888694800,3.69569482421875,34.00040054321289,6.964146614074707,14.790096282958984
1772811913898395600,3.705395751953125,28.536087036132812,6.846412181854248,13.322504043579102
1772811913908096500,3.715096435546875,21.439029693603516,6.9365434646606445,11.315315246582031
1772811913917797000,3.724797119140625,13.717320442199707,7.459344863891602,8.304434776306152
1772811913927498000,3.734498046875,6.895593166351318,8.42308235168457,4.3874897956848145
1772811913937198800,3.74419873046875,2.0560083389282227,9.983686447143555,0.20360898971557617
1772811913946899700,3.753899658203125,-0.1358189582824707,10.91566276550293,-2.970372200012207
1772811913956600600,3.7636005859375,-1.699833869934082,9.536819458007812,-4.823921203613281
1772811913966301200,3.77330126953125,-3.2799110412597656,7.063660621643066,-5.4169087409973145
1772811913976002000,3.783001953125,-4.430882453918457,3.6445226669311523,-5.148932933807373
1772811913985703000,3.792702880859375,-4.411663055419922,-0.8381977081298828,-5.429823875427246
1772811913995403800,3.80240380859375,-4.558156490325928,-4.050475120544434,-5.537876129150391
1772811914005104600,3.812104736328125,-5.668626308441162,-6.855252265930176,-5.8769683837890625
1772811914014805200,3.82180517578125,-6.793642044067383,-9.173017501831055,-6.421882629394531
1772811914024506000,3.831506103515625,-7.716984748840332,-10.781030654907227,-7.326450347900391
1772811914034207000,3.84120703125,-8.210926055908203,-11.50886058807373,-8.083318710327148
1772811914043907800,3.850907958984375,-8.512640953063965,-11.8336181640625,-8.823966979980469
1772811914053608700,3.860608642578125,-9.008983612060547,-12.021683692932129,-9.220518112182617
1772811914063309300,3.870309326171875,-9.395952224731445,-11.84515380859375,-9.459108352661133
1772811914073010200,3.88001025390625,-9.842889785766602,-11.16727066040039,-9.584535598754883
1772811914082711000,3.8897109375,-10.196179389953613,-10.561906814575195,-9.155829429626465
1772811914092412000,3.899411865234375,-10.456220626831055,-10.294960021972656,-8.063274383544922
1772811914102112800,3.90911279296875,-10.50153923034668,-10.232154846191406,-6.806724548339844
1772811914111813400,3.9188134765625,-9.98133373260498,-10.135334014892578,-5.601390361785889
1772811914121514200,3.92851416015625,-9.163761138916016,-9.816513061523438,-4.667930603027344
1772811914131215000,3.938215087890625,-8.050180435180664,-9.361593246459961,-4.038805961608887
1772811914140916000,3.947916015625,-6.696239471435547,-9.126875877380371,-3.5133609771728516
1772811914150616600,3.957616455078125,-5.911430358886719,-9.190118789672852,-2.98803973197937
1772811914160317400,3.9673173828125,-5.173402309417725,-9.620376586914062,-2.7337417602539062
1772811914170018300,3.977018310546875,-4.6267595291137695,-9.700469970703125,-2.9662399291992188
1772811914179719200,3.98671923828125,-4.251674175262451,-9.416138648986816,-3.4145658016204834
1772811914189419800,3.996419677734375,-4.258032321929932,-9.064233779907227,-3.8178412914276123
1772811914199120600,4.00612060546875,-4.4197998046875,-8.739851951599121,-4.0147624015808105
1772811914208821500,4.015821533203125,-4.795056343078613,-8.392448425292969,-4.106082916259766
1772811914218522400,4.0255224609375,-5.269576549530029,-8.021632194519043,-4.089602470397949
1772811914228223200,4.03522314453125,-5.629979133605957,-7.74116325378418,-4.016489505767822
1772811914237923800,4.044923828125,-5.9108500480651855,-7.508247375488281,-3.88905930519104
1772811914247624700,4.054624755859375,-6.002923965454102,-7.111032009124756,-3.8429012298583984
1772811914257325600,4.06432568359375,-6.029895782470703,-6.746795654296875,-3.7740330696105957
1772811914267026400,4.0740263671875,-6.114289283752441,-6.461743354797363,-3.517416000366211
1772811914276727000,4.08372705078125,-6.164291858673096,-6.257129669189453,-3.3140299320220947
1772811914286428000,4.093427978515625,-6.1382737159729,-5.897378921508789,-3.0998055934906006
1772811914296128800,4.103128662109375,-5.994553565979004,-5.552987575531006,-2.8845651149749756
1772811914305829600,4.11282958984375,-5.849442005157471,-5.232346534729004,-2.455233573913574
1772811914315530200,4.1225302734375,-5.808680534362793,-4.83281135559082,-2.0969855785369873
1772811914325231000,4.132231201171875,-5.986969947814941,-4.4067792892456055,-1.8216310739517212
1772811914334932000,4.141931884765625,-6.028212547302246,-4.122329235076904,-1.5759961605072021
1772811914344632800,4.1516328125,-5.763810157775879,-3.7914676666259766,-1.0652012825012207
1772811914354333700,4.161333740234375,-5.228104591369629,-3.356454372406006,-0.42975544929504395
1772811914364034300,4.171034423828125,-4.386508941650391,-2.8370978832244873,0.01847219467163086
1772811914373735200,4.180735107421875,-3.5875601768493652,-1.7491450309753418,0.2434072494506836
1772811914383436000,4.19043603515625,-2.5995216369628906,0.15758943557739258,0.5199005603790283
1772811914393137000,4.200136962890625,-0.42890167236328125,2.155144691467285,1.218381643295288
1772811914402837800,4.209837646484375,2.3575735092163086,4.0592546463012695,2.5315399169921875
1772811914412538400,4.219538330078125,5.6397624015808105,5.289709568023682,4.415260314941406
1772811914422239200,4.2292392578125,9.287813186645508,6.416978359222412,5.778156757354736
1772811914431940000,4.238940185546875,12.279284477233887,7.633201599121094,6.130128383636475
1772811914441641000,4.248640869140625,14.881478309631348,7.507328510284424,6.364226341247559
1772811914451341800,4.258341796875,17.311094284057617,7.366071701049805,6.703784942626953
1772811914461042400,4.26804248046875,20.59865951538086,6.94596004486084,8.011587142944336
1772811914470743300,4.277743408203125,23.681396484375,5.642382621765137,9.99863338470459
1772811914480444200,4.287444091796875,25.587997436523438,4.914888381958008,10.369208335876465
1772811914490145000,4.29714501953125,27.282989501953125,5.218610763549805,8.638144493103027
1772811914499846000,4.306845947265625,27.599803924560547,5.973772048950195,6.116097450256348
1772811914509546500,4.31654638671875,25.987018585205078,6.884685516357422,4.052213668823242
1772811914519247400,4.326247314453125,23.29646110534668,7.527331829071045,3.0480992794036865
1772811914528948200,4.3359482421875,20.47991180419922,7.510348320007324,2.6863327026367188
1772811914538649000,4.345649169921875,16.843299865722656,6.933539390563965,2.827486991882324
1772811914548350000,4.355349853515625,12.212401390075684,6.073864459991455,3.07888126373291
1772811914558050600,4.365050537109375,7.258880615234375,5.372069358825684,2.8642711639404297
1772811914567751400,4.37475146484375,2.66915225982666,4.812286376953125,2.108745574951172
1772811914577452300,4.384452392578125,-1.35420560836792,4.392576217651367,1.1110763549804688
1772811914587153200,4.394153076171875,-4.715155124664307,3.8996710777282715,0.1116790771484375
1772811914596854000,4.40385400390625,-7.261279582977295,3.1283750534057617,-0.6239609718322754
1772811914606554600,4.4135546875,-8.987569808959961,2.171461582183838,-1.4466567039489746
1772811914616255500,4.42325537109375,-9.547207832336426,1.2000067234039307,-2.4917285442352295
1772811914625956400,4.432956298828125,-9.246465682983398,0.1815495491027832,-3.5617072582244873
1772811914635657200,4.4426572265625,-8.491507530212402,-0.7934234142303467,-4.387041091918945
1772811914645357800,4.45235791015625,-7.632448196411133,-1.892812728881836,-4.694493770599365
1772811914655058700,4.46205859375,-6.751830101013184,-2.9691078662872314,-4.700178146362305
1772811914664759600,4.471759521484375,-6.342504024505615,-3.7029449939727783,-4.515567302703857
1772811914674460400,4.48146044921875,-6.760433197021484,-4.2936506271362305,-4.198622703552246
1772811914684161000,4.4911611328125,-7.443567752838135,-4.68045711517334,-4.013124465942383
1772811914693862000,4.50086181640625,-8.288814544677734,-4.701085090637207,-4.077885150909424
1772811914703562800,4.510562744140625,-9.184917449951172,-4.608057975769043,-4.22530460357666
1772811914713263600,4.520263671875,-9.965112686157227,-4.494209289550781,-4.235783576965332
1772811914722964200,4.529964111328125,-10.577459335327148,-4.280588626861572,-4.230452537536621
1772811914732665000,4.5396650390625,-10.991292953491211,-4.0709228515625,-4.175466537475586
1772811914742366000,4.549365966796875,-11.251289367675781,-3.918731689453125,-3.965397357940674
1772811914752066800,4.55906689453125,-11.35059928894043,-3.919031858444214,-3.822547435760498
1772811914761767400,4.568767333984375,-11.090749740600586,-3.8055851459503174,-3.7142391204833984
1772811914771468300,4.57846826171875,-10.583163261413574,-3.725646495819092,-3.631666660308838
1772811914781169200,4.588169189453125,-9.886725425720215,-3.7540647983551025,-3.560619592666626
1772811914790870000,4.5978701171875,-9.211875915527344,-3.7919039726257324,-3.4911446571350098
1772811914800571000,4.60757080078125,-8.594058990478516,-3.839035749435425,-3.4205541610717773
1772811914810271500,4.617271484375,-8.157011032104492,-3.8352839946746826,-3.2194972038269043
1772811914819972400,4.626972412109375,-7.905843734741211,-3.877148151397705,-3.0922703742980957
1772811914829673200,4.636673095703125,-7.822490215301514,-3.842242956161499,-3.0009379386901855
1772811914839374000,4.6463740234375,-7.693149566650391,-3.790935754776001,-2.803266763687134
1772811914849075000,4.656074951171875,-7.482824325561523,-3.7853469848632812,-2.4259743690490723
1772811914858775600,4.665775634765625,-7.179718017578125,-3.6750125885009766,-2.1479647159576416
1772811914868476400,4.675476318359375,-6.843318939208984,-3.442777395248413,-1.9716992378234863
1772811914878177300,4.68517724609375,-6.614601135253906,-3.2494730949401855,-1.6700636148452759
1772811914887878100,4.694878173828125,-6.068305015563965,-3.2512781620025635,-1.2167699337005615
1772811914897579000,4.7045791015625,-5.2679123878479,-2.9911251068115234,-0.9339632987976074
1772811914907279600,4.714279541015625,-4.277526378631592,-2.3750362396240234,-0.9178745746612549
1772811914916980500,4.72398046875,-2.9832582473754883,-1.6658577919006348,-1.0142285823822021
1772811914926681300,4.733681396484375,-1.0284929275512695,-0.39578914642333984,-0.9346511363983154
1772811914936382200,4.74338232421875,1.9467010498046875,1.7834796905517578,-0.3855559825897217
1772811914946082800,4.753082763671875,6.079023361206055,3.412353515625,1.7408456802368164
1772811914955783700,4.76278369140625,10.559098243713379,3.8345935344696045,6.030094623565674
1772811914965484500,4.772484619140625,15.60225772857666,4.56468391418457,10.104421615600586
1772811914975185400,4.782185302734375,20.773008346557617,4.881589889526367,13.516437530517578
1772811914984886000,4.791885986328125,25.77440643310547,5.342876434326172,15.945928573608398
1772811914994587000,4.8015869140625,30.882476806640625,6.696672439575195,17.740385055541992
1772811915004287700,4.811287841796875,34.73672103881836,7.279732704162598,18.755393981933594
1772811915013988600,4.820988525390625,37.41587829589844,7.082115650177002,17.380678176879883
1772811915023689200,4.830689208984375,38.61376190185547,7.090548515319824,14.22409725189209
1772811915033390000,4.84039013671875,37.73994445800781,6.553765296936035,11.383394241333008
1772811915043091000,4.850091064453125,34.49757766723633,6.026946067810059,8.816486358642578
1772811915052791800,4.859791748046875,28.996707916259766,5.641077995300293,6.660223007202148
1772811915062492400,4.869492431640625,21.418907165527344,5.402335166931152,5.168903827667236
1772811915072193300,4.879193359375,12.615056037902832,4.990095138549805,3.9912595748901367
1772811915081894100,4.88889404296875,4.218053817749023,4.6508402824401855,2.3246359825134277
1772811915091595000,4.898594970703125,-2.76631498336792,4.929488182067871,-0.0920562744140625
1772811915101295900,4.9082958984375,-8.391641616821289,4.6974406242370605,-2.847721576690674
1772811915110996500,4.91799658203125,-11.346909523010254,3.281435966491699,-4.661765098571777
1772811915120697300,4.927697265625,-11.852351188659668,1.0934100151062012,-6.204751491546631
1772811915130398200,4.937398193359375,-9.72867202758789,-0.4842805862426758,-7.68871545791626
1772811915140099000,4.94709912109375,-8.178988456726074,-2.1694467067718506,-8.4871826171875
1772811915149800000,4.956800048828125,-6.6413702964782715,-4.010140895843506,-7.530448913574219
1772811915159500500,4.96650048828125,-5.98016357421875,-5.308609485626221,-5.08624267578125
1772811915169201400,4.976201416015625,-6.395554065704346,-6.07840633392334,-2.6361937522888184
1772811915178902300,4.98590234375,-7.724048614501953,-6.333436012268066,-1.3383433818817139
1772811915188603100,4.99560302734375,-9.28185749053955,-6.137669563293457,-1.3527398109436035
1772811915198304000,5.005303955078125,-10.670376777648926,-5.849535942077637,-2.0492401123046875
1772811915208004600,5.015004638671875,-11.573752403259277,-5.76572322845459,-2.968380928039551
1772811915217705500,5.02470556640625,-11.836894989013672,-5.82804012298584,-3.6717214584350586
1772811915227406300,5.03440625,-11.664698600769043,-5.695860862731934,-4.185140132904053
1772811915237107000,5.04410693359375,-11.163947105407715,-5.461116313934326,-4.676559925079346
1772811915246807800,5.053807861328125,-10.622331619262695,-5.379674911499023,-4.669083595275879
1772811915256508700,5.0635087890625,-10.221384048461914,-5.4822187423706055,-4.268070697784424
1772811915266209500,5.07320947265625,-9.520885467529297,-5.41343879699707,-3.6496663093566895
1772811915275910100,5.08291015625,-8.743102073669434,-5.191261291503906,-3.0671756267547607
1772811915285611000,5.092611083984375,-8.12899398803711,-5.008083820343018,-2.5807442665100098
1772811915295312000,5.102311767578125,-7.472352027893066,-4.827895164489746,-2.237900733947754
1772811915305012700,5.1120126953125,-7.011486053466797,-4.64341402053833,-1.907226324081421
1772811915314713600,5.121713623046875,-6.67127799987793,-4.451779365539551,-1.933985710144043
1772811915324414200,5.131414306640625,-6.335575103759766,-4.199845314025879,-2.1485400199890137
1772811915334115000,5.141114990234375,-6.178999900817871,-4.139573097229004,-2.3204216957092285
1772811915343816000,5.15081591796875,-6.235824108123779,-3.990333318710327,-2.547555446624756
1772811915353516800,5.160516845703125,-6.422111511230469,-3.788208484649658,-2.7071304321289062
1772811915363217700,5.1702177734375,-6.7960920333862305,-3.763326644897461,-2.7661948204040527
1772811915372918300,5.179918212890625,-6.922730445861816,-3.778175115585327,-2.720053195953369
1772811915382619100,5.189619140625,-6.896495342254639,-3.758500576019287,-2.7909536361694336
1772811915392320000,5.199320068359375,-6.723865509033203,-3.650989532470703,-2.972503185272217
1772811915402020900,5.209020751953125,-6.585341453552246,-3.4664571285247803,-3.16032075881958
1772811915411721700,5.2187216796875,-6.3611931800842285,-3.2577123641967773,-3.1288115978240967
1772811915421422300,5.22842236328125,-6.111566066741943,-3.0114381313323975,-2.8088691234588623
1772811915431123200,5.238123291015625,-5.877615928649902,-2.699201822280884,-2.3732762336730957
1772811915440824000,5.247823974609375,-5.795636177062988,-2.2385213375091553,-2.167964220046997
1772811915450524700,5.257524658203125,-5.831231594085693,-1.856576681137085,-2.016005039215088
1772811915460225500,5.2672255859375,-6.136363506317139,-1.645951747894287,-1.86300528049469
1772811915469926400,5.276926513671875,-6.604416370391846,-1.5227677822113037,-1.7312126159667969
1772811915479627300,5.286627197265625,-6.952804088592529,-1.4004790782928467,-1.5763039588928223
1772811915489327900,5.296327880859375,-7.093640327453613,-1.1946676969528198,-1.4797348976135254
1772811915499028700,5.30602880859375,-6.622097969055176,-1.1233360767364502,-1.3512418270111084
1772811915508729600,5.3157294921875,-5.6740546226501465,-0.8824536800384521,-1.1933622360229492
1772811915518430500,5.325430419921875,-3.9495291709899902,-0.17142605781555176,-1.2383363246917725
1772811915528131000,5.335131103515625,-1.448803424835205,0.9119305610656738,-1.1559345722198486
1772811915537832000,5.34483203125,1.5862932205200195,2.1641557216644287,-0.16315460205078125
1772811915547532800,5.35453271484375,5.214980125427246,3.5151472091674805,2.0921425819396973
1772811915557233700,5.364233642578125,9.998367309570312,4.640774726867676,5.534538745880127
1772811915566934500,5.3739345703125,13.748680114746094,5.412062644958496,8.689878463745117
1772811915576635100,5.38363525390625,16.52134132385254,5.325761318206787,10.807634353637695
1772811915586336000,5.3933359375,19.821720123291016,3.8917195796966553,12.446149826049805
1772811915596036900,5.403036865234375,23.01633071899414,4.4992594718933105,12.355756759643555
1772811915605737700,5.41273779296875,25.442026138305664,4.926510810852051,12.401735305786133
1772811915615438600,5.4224384765625,25.973628997802734,3.713972568511963,12.848739624023438
1772811915625139200,5.43213916015625,24.935945510864258,3.7710607051849365,11.218290328979492
1772811915634840000,5.441840087890625,23.518770217895508,4.453731536865234,8.095402717590332
1772811915644541000,5.451541015625,21.601669311523438,4.887864112854004,5.122223854064941
1772811915654241500,5.461241455078125,19.502613067626953,5.656042575836182,2.784334421157837
1772811915663942400,5.4709423828125,17.2767276763916,6.41640567779541,1.3854432106018066
1772811915673643300,5.480643310546875,14.960243225097656,6.748003959655762,0.7362174987792969
1772811915683344100,5.49034423828125,11.97531509399414,6.520021438598633,0.9353470802307129
1772811915693044700,5.500044677734375,8.394271850585938,5.953969478607178,1.3211965560913086
1772811915702745600,5.50974560546875,4.948386192321777,5.151743412017822,1.5677266120910645
1772811915712446500,5.519446533203125,2.2624435424804688,3.770921230316162,1.3882412910461426
1772811915722147300,5.529147216796875,0.15785884857177734,2.212233304977417,0.8497071266174316
1772811915731848000,5.538847900390625,-1.3849515914916992,0.8784909248352051,-0.17392301559448242
1772811915741548800,5.548548828125,-2.6413803100585938,-0.22077059745788574,-1.5268423557281494
1772811915751249700,5.558249755859375,-3.6845455169677734,-1.1219143867492676,-3.126862049102783
1772811915760950500,5.567950439453125,-4.94063138961792,-1.8747029304504395,-4.428350448608398
1772811915770651400,5.5776513671875,-6.289278507232666,-2.5920205116271973,-5.2293901443481445
1772811915780352000,5.58735205078125,-7.725915908813477,-3.198306083679199,-5.683712482452393
1772811915790052900,5.597052978515625,-9.027058601379395,-3.6527469158172607,-5.873363018035889
1772811915799753700,5.606753662109375,-10.01218318939209,-4.110218524932861,-5.918143272399902
1772811915809454600,5.61645458984375,-10.60329818725586,-4.616722106933594,-5.821027755737305
1772811915819155200,5.6261552734375,-10.826788902282715,-4.983255386352539,-5.741554260253906
1772811915828856000,5.63585595703125,-10.78042221069336,-5.035495758056641,-5.780606269836426
1772811915838557000,5.645556884765625,-10.56229305267334,-5.018313407897949,-5.865872383117676
1772811915848257800,5.6552578125,-10.391416549682617,-4.94386100769043,-5.782382011413574
1772811915857958400,5.66495849609375,-10.235662460327148,-4.714778423309326,-5.516803741455078
1772811915867659300,5.6746591796875,-10.040496826171875,-4.554585933685303,-5.11635160446167
1772811915877360000,5.684360107421875,-9.708996772766113,-4.263247489929199,-4.788439750671387
1772811915887061000,5.69406103515625,-9.126832008361816,-3.959660053253174,-4.540092468261719
1772811915896761600,5.70376171875,-8.61777400970459,-3.622359275817871,-4.252983093261719
1772811915906462500,5.71346240234375,-8.20612907409668,-3.399587869644165,-3.8002099990844727
1772811915916163300,5.723163330078125,-7.883734226226807,-3.225905418395996,-3.1507208347320557
1772811915925864200,5.7328642578125,-7.476572513580322,-3.1311020851135254,-2.7446987628936768
1772811915935565000,5.74256494140625,-7.008274078369141,-3.0120739936828613,-2.6622653007507324
1772811915945265700,5.752265625,-6.461887836456299,-2.9872961044311523,-2.6602492332458496
1772811915954966500,5.761966552734375,-5.9684953689575195,-3.0262413024902344,-2.6556003093719482
1772811915964667400,5.77166748046875,-5.490911960601807,-3.0296144485473633,-2.5295803546905518
1772811915974368300,5.7813681640625,-5.108892440795898,-3.158846139907837,-2.3282470703125
1772811915984068900,5.79106884765625,-4.799607753753662,-3.2751355171203613,-2.0462820529937744
1772811915993769700,5.800769775390625,-4.440858840942383,-3.2644906044006348,-1.6899564266204834
1772811916003470600,5.810470703125,-4.044244289398193,-3.2990245819091797,-1.2967159748077393
1772811916013171200,5.820171142578125,-3.619442939758301,-3.2206315994262695,-0.8621113300323486
1772811916022872000,5.8298720703125,-3.069859027862549,-2.9710021018981934,-0.41905784606933594
1772811916032573000,5.839572998046875,-2.228414535522461,-2.5753724575042725,0.12208414077758789
1772811916042273800,5.849273681640625,-0.7555751800537109,-2.0097904205322266,0.7933337688446045
1772811916051974400,5.858974365234375,1.2660560607910156,-0.8677248954772949,1.3756392002105713
1772811916061675300,5.86867529296875,3.3837509155273438,0.6232051849365234,2.1933460235595703
1772811916071376100,5.878376220703125,5.456808090209961,1.6892733573913574,3.721606969833374
1772811916081077000,5.888076904296875,7.511495590209961,2.732215166091919,5.026861667633057
1772811916090777900,5.89777783203125,9.046895980834961,3.7686870098114014,6.185694694519043
1772811916100478500,5.907478515625,10.059991836547852,4.510422229766846,6.799842834472656
1772811916110179300,5.917179443359375,11.800893783569336,4.882286071777344,6.8057708740234375
1772811916119880200,5.926880126953125,13.060194969177246,5.192875862121582,6.5348992347717285
1772811916129581000,5.9365810546875,14.051004409790039,5.73631477355957,6.093758583068848
1772811916139281700,5.94628173828125,15.676159858703613,6.385130882263184,5.628234386444092
1772811916148982500,5.955982421875,17.134765625,6.724203586578369,5.42464542388916
1772811916158683400,5.965683349609375,17.815139770507812,6.7699971199035645,5.274600028991699
1772811916168384300,5.97538427734375,18.093421936035156,6.977294445037842,4.684182167053223
1772811916178084900,5.9850849609375,18.11822509765625,7.11659049987793,4.107093811035156
1772811916187785700,5.99478564453125,17.6253604888916,6.699585914611816,4.271921157836914
1772811916197486600,6.004486572265625,16.64815902709961,5.788956165313721,4.960500717163086
1772811916207187500,6.0141875,14.975931167602539,5.0333404541015625,5.192142486572266
1772811916216888000,6.02388818359375,12.474039077758789,4.304001808166504,4.549767017364502
1772811916226589000,6.0335888671875,9.51949405670166,3.531562328338623,3.4035048484802246
1772811916236289800,6.043289794921875,6.092165946960449,2.7159509658813477,1.967210292816162
1772811916245990700,6.05299072265625,2.263625144958496,2.0119411945343018,0.8322892189025879
1772811916255691500,6.06269140625,-1.6662092208862305,1.3618602752685547,-0.27763891220092773
1772811916265392000,6.07239208984375,-4.981411457061768,0.8507304191589355,-1.5980345010757446
1772811916275093000,6.082093017578125,-7.411265850067139,0.267681360244751,-2.81687068939209
1772811916284793900,6.0917939453125,-9.090642929077148,-0.5793337821960449,-3.6370749473571777
1772811916294494500,6.101494384765625,-9.893144607543945,-1.5017952919006348,-4.285573959350586
1772811916304195300,6.1111953125,-9.702967643737793,-2.3493688106536865,-4.929967880249023
1772811916313896200,6.120896240234375,-9.129582405090332,-2.986807107925415,-5.355683326721191
1772811916323596800,6.1305966796875,-8.690739631652832,-3.5355401039123535,-5.688229560852051
1772811916333297700,6.140297607421875,-8.498520851135254,-3.9123964309692383,-5.996016502380371
1772811916342998500,6.14999853515625,-8.619990348815918,-4.006839752197266,-6.285913467407227
1772811916352699400,6.159699462890625,-9.258281707763672,-3.8153576850891113,-6.23820686340332
1772811916362400300,6.169400146484375,-10.165493965148926,-3.5615785121917725,-6.0723419189453125
1772811916372100900,6.179100830078125,-11.033838272094727,-3.3322227001190186,-5.678812503814697
1772811916381801700,6.1888017578125,-11.925979614257812,-3.1588134765625,-5.152843952178955
1772811916391502600,6.198502685546875,-12.297063827514648,-3.1650524139404297,-4.644946098327637
1772811916401203500,6.208203369140625,-12.10759162902832,-3.272030830383301,-4.063538074493408
1772811916410904300,6.217904296875,-11.676778793334961,-3.3823251724243164,-3.464888334274292
1772811916420605000,6.22760498046875,-11.24878215789795,-3.512017250061035,-2.9863088130950928
1772811916430305800,6.237305908203125,-10.398228645324707,-3.681508779525757,-2.930082321166992
1772811916440006700,6.247006591796875,-9.231629371643066,-3.7995994091033936,-3.126192808151245
1772811916449707300,6.256707275390625,-8.300048828125,-3.868069648742676,-3.335391044616699
1772811916459408100,6.266408203125,-7.550093650817871,-3.894383430480957,-3.5122997760772705
1772811916469109000,6.27610888671875,-6.938973426818848,-3.921260356903076,-3.4291415214538574
1772811916478809900,6.285809814453125,-6.4113616943359375,-3.941183090209961,-3.2090578079223633
1772811916488510500,6.295510498046875,-5.811783790588379,-3.8113937377929688,-3.07904052734375
1772811916498211300,6.30521142578125,-5.310901641845703,-3.62093448638916,-2.864635467529297
1772811916507912200,6.314912109375,-4.937844276428223,-3.466322183609009,-2.334228277206421
1772811916517613000,6.324613037109375,-4.631972789764404,-3.26171875,-1.7845587730407715
1772811916527314000,6.33431396484375,-4.395079612731934,-2.9488842487335205,-1.1904182434082031
1772811916537014500,6.3440146484375,-4.196412086486816,-2.655540943145752,-0.629366397857666
1772811916546715400,6.35371533203125,-4.176455497741699,-2.223036289215088,-0.15360641479492188
1772811916556416300,6.363416259765625,-4.273702621459961,-1.6436333656311035,0.20009207725524902
1772811916566116900,6.373116943359375,-4.704592227935791,-0.9014182090759277,0.566401481628418
1772811916575817700,6.382817626953125,-5.504212379455566,-0.40346217155456543,1.223099946975708
1772811916585518600,6.3925185546875,-6.044556617736816,-0.1660163402557373,2.2317140102386475
1772811916595219200,6.40221923828125,-6.204609394073486,0.05678272247314453,3.0843794345855713
1772811916604920000,6.411920166015625,-6.0531415939331055,0.5268383026123047,3.361114740371704
1772811916614621000,6.421620849609375,-5.644569396972656,1.2672359943389893,2.7625551223754883
1772811916624321800,6.43132177734375,-4.314314842224121,2.222212076187134,2.2132208347320557
1772811916634022700,6.441022705078125,-1.771069049835205,3.5530736446380615,2.0019071102142334
1772811916643723300,6.45072314453125,2.672666549682617,4.93604040145874,2.5920560359954834
1772811916653424000,6.460424072265625,8.795001029968262,5.633187294006348,4.284826278686523
1772811916663125000,6.470125,16.274364471435547,5.221160888671875,6.451305389404297
1772811916672825900,6.479825927734375,24.003585815429688,3.5586140155792236,8.860342025756836
1772811916682526700,6.489526611328125,28.555492401123047,1.3471481800079346,11.660624504089355
1772811916692227300,6.499227294921875,30.465057373046875,0.940758228302002,13.283740997314453
1772811916701928200,6.50892822265625,30.43820571899414,1.630202054977417,14.182171821594238
1772811916711629000,6.518629150390625,28.163902282714844,1.1768250465393066,13.865307807922363
1772811916721329700,6.52832958984375,26.129852294921875,1.4086544513702393,10.9693603515625
1772811916731030500,6.538030517578125,24.453903198242188,1.979975700378418,6.881061553955078
1772811916740731400,6.5477314453125,22.31752586364746,2.3109254837036133,3.028733015060425
1772811916750432000,6.557431884765625,19.550968170166016,2.948315143585205,0.20722079277038574
1772811916760132900,6.5671328125,16.46821403503418,4.029007911682129,-1.1718368530273438
1772811916769833700,6.576833740234375,12.882853507995605,5.018678665161133,-1.2415497303009033
1772811916779534600,6.58653466796875,8.357954978942871,5.694000244140625,-0.6048390865325928
1772811916789235500,6.5962353515625,3.325204849243164,6.016822814941406,-0.26897215843200684
1772811916798936000,6.60593603515625,-1.2596774101257324,5.769166946411133,-0.6460952758789062
1772811916808637000,6.615636962890625,-4.988484859466553,4.805632591247559,-1.2536907196044922
1772811916818337800,6.625337890625,-7.548691749572754,3.3562116622924805,-2.346168041229248
1772811916828038700,6.63503857421875,-8.790142059326172,1.656355619430542,-3.7040419578552246
1772811916837739300,6.6447392578125,-8.382364273071289,-0.009761571884155273,-5.248541355133057
1772811916847440100,6.654440185546875,-6.909607887268066,-1.3245689868927002,-6.731577396392822
1772811916857141000,6.66414111328125,-5.876987934112549,-2.1741244792938232,-7.512690544128418
1772811916866841600,6.673841552734375,-5.732936859130859,-2.9455225467681885,-7.38887882232666
1772811916876542500,6.68354248046875,-6.626431465148926,-3.4683074951171875,-6.93238639831543
1772811916886243300,6.693243408203125,-8.10110092163086,-3.7488884925842285,-6.33956241607666
1772811916895944200,6.702944091796875,-9.892171859741211,-3.852816581726074,-5.658321380615234
1772811916905645000,6.71264501953125,-11.492912292480469,-3.804774522781372,-5.0860676765441895
1772811916915345700,6.722345703125,-12.727058410644531,-3.5640838146209717,-4.760303974151611
1772811916925046500,6.732046630859375,-13.646003723144531,-3.307384490966797,-4.3949737548828125
1772811916934747400,6.741747314453125,-13.993768692016602,-3.15924334526062,-3.8318963050842285
1772811916944448000,6.751447998046875,-13.861909866333008,-2.927600383758545,-3.354050397872925
1772811916954148900,6.76114892578125,-13.446287155151367,-3.0701146125793457,-2.664393424987793
1772811916963849700,6.770849609375,-12.681046485900879,-3.1880197525024414,-2.2755985260009766
1772811916973550300,6.78055029296875,-11.110372543334961,-2.9914517402648926,-2.0979015827178955
1772811916983251200,6.790251220703125,-9.46249771118164,-2.5691680908203125,-2.0363874435424805
1772811916992952000,6.7999521484375,-7.8225274085998535,-3.0437967777252197,-1.708888292312622
1772811917002653000,6.80965283203125,-6.234339237213135,-3.6348018646240234,-1.5554413795471191
1772811917012353800,6.819353759765625,-5.2199015617370605,-3.739772081375122,-1.5895302295684814
1772811917022054400,6.829054443359375,-4.57170295715332,-3.8816463947296143,-1.7642992734909058
1772811917031755300,6.83875537109375,-4.341954708099365,-3.921013593673706,-2.0666208267211914
1772811917041456000,6.8484560546875,-4.572190284729004,-3.709198236465454,-2.4572970867156982
1772811917051157000,6.858156982421875,-5.0852155685424805,-3.432091474533081,-2.6837198734283447
1772811917060857600,6.867857666015625,-5.693075180053711,-3.216808319091797,-2.7091362476348877
1772811917070558500,6.877558349609375,-6.137490272521973,-3.0335724353790283,-2.666550874710083
1772811917080259300,6.88725927734375,-6.483555793762207,-2.8067686557769775,-2.653484582901001
1772811917089960000,6.8969599609375,-6.735659599304199,-2.522204637527466,-2.613278388977051
1772811917099660800,6.906660888671875,-6.750399589538574,-2.3423728942871094,-2.2611773014068604
1772811917109361700,6.916361572265625,-6.5075764656066895,-2.20257830619812,-1.717775583267212
1772811917119062500,6.9260625,-6.337631702423096,-1.9669640064239502,-1.0595872402191162
1772811917128763400,6.935763427734375,-6.024031639099121,-2.005608558654785,-0.18188929557800293
1772811917138464000,6.945464111328125,-5.413053035736084,-1.9522607326507568,0.9287245273590088
1772811917148164900,6.955164794921875,-4.340020656585693,-1.7524259090423584,2.2445051670074463
1772811917157865700,6.96486572265625,-2.6366987228393555,-1.08649742603302,3.131593942642212
1772811917167566300,6.97456640625,-0.3863401412963867,0.49611544609069824,4.099260330200195
1772811917177267200,6.98426708984375,2.7220659255981445,2.5293774604797363,5.834133625030518
1772811917186968000,6.993968017578125,7.882979393005371,3.752866506576538,8.695356369018555
1772811917196668700,7.003668701171875,14.635295867919922,4.157975196838379,12.549877166748047
1772811917206369500,7.01336962890625,20.659343719482422,3.21169114112854,16.46980094909668
1772811917216070400,7.0230703125,24.826339721679688,0.5370981693267822,20.263347625732422
1772811917225771300,7.032771240234375,27.348037719726562,0.2684047222137451,21.323657989501953
1772811917235472100,7.04247216796875,28.96339225769043,0.9695807695388794,20.511890411376953
1772811917245172700,7.0521728515625,29.77627944946289,1.296581745147705,17.06279945373535
1772811917254873600,7.06187353515625,30.974281311035156,2.9844822883605957,10.44873332977295
1772811917264574500,7.071574462890625,32.065452575683594,5.0011491775512695,3.486327886581421
1772811917274275300,7.081275390625,32.03767776489258,6.972485065460205,-1.6671983003616333
1772811917283976000,7.090975830078125,29.762962341308594,8.047601699829102,-3.631319999694824
1772811917293676800,7.1006767578125,25.986642837524414,8.181355476379395,-3.318176746368408
1772811917303377700,7.110377685546875,20.85721206665039,8.0663423538208,-2.148648977279663
1772811917313078300,7.120078369140625,14.494590759277344,8.170899391174316,-2.3826675415039062
1772811917322779100,7.129779052734375,9.191402435302734,8.838560104370117,-4.866463661193848
1772811917332480000,7.13947998046875,4.948824882507324,8.576197624206543,-7.932304382324219
1772811917342180900,7.149180908203125,1.3443164825439453,6.550662040710449,-10.160354614257812
1772811917351881700,7.1588818359375,-2.3979949951171875,4.083126068115234,-11.412281036376953
1772811917361582300,7.168582275390625,-6.093780040740967,1.608382225036621,-11.524749755859375
1772811917371283200,7.178283203125,-8.96224594116211,-0.43045568466186523,-10.744527816772461
1772811917380984000,7.187984130859375,-11.091196060180664,-2.0169029235839844,-9.03679370880127
1772811917390684700,7.1976845703125,-12.834638595581055,-3.605289936065674,-7.178414344787598
1772811917400385500,7.207385498046875,-14.475593566894531,-5.253994464874268,-5.624857425689697
1772811917410086400,7.21708642578125,-15.714685440063477,-6.230064868927002,-4.843549728393555
1772811917419787000,7.226787109375,-16.368141174316406,-6.910407066345215,-4.452457904815674
1772811917429487900,7.23648779296875,-16.48711395263672,-7.252124309539795,-3.8994383811950684
1772811917439188700,7.246188720703125,-16.115198135375977,-7.259061813354492,-3.2119016647338867
1772811917448889600,7.2558896484375,-15.555688858032227,-7.265607833862305,-2.1714589595794678
1772811917458590500,7.265590576171875,-14.816116333007812,-6.882197380065918,-1.3126611709594727
1772811917468291000,7.275291015625,-13.596726417541504,-6.548256874084473,-0.6335722208023071
1772811917477992000,7.284991943359375,-11.716682434082031,-6.418237686157227,0.11217927932739258
1772811917487692800,7.29469287109375,-9.435028076171875,-6.36436653137207,0.6500899791717529
1772811917497393400,7.304393310546875,-6.867844581604004,-6.356117248535156,1.0805723667144775
1772811917507094300,7.31409423828125,-4.561068534851074,-6.380339622497559,1.3136875629425049
1772811917516795100,7.323795166015625,-2.9961910247802734,-6.235320568084717,1.1918458938598633
1772811917526496000,7.33349609375,-2.164229393005371,-5.893475532531738,0.9358172416687012
1772811917536196600,7.343196533203125,-1.8548355102539062,-5.334975242614746,0.6950123310089111
1772811917545897500,7.3528974609375,-1.7057666778564453,-4.6825714111328125,0.6916887760162354
1772811917555598300,7.362598388671875,-1.8277359008789062,-4.068542957305908,0.8683047294616699
1772811917565299200,7.37229931640625,-2.2966270446777344,-3.699491500854492,1.2232449054718018
1772811917574999800,7.381999755859375,-3.023425579071045,-3.367082118988037,1.4630389213562012
1772811917584700700,7.39170068359375,-3.8668861389160156,-2.959496021270752,1.4697926044464111
1772811917594401500,7.401401611328125,-4.792416095733643,-2.5779638290405273,1.3484716415405273
1772811917604102100,7.41110205078125,-5.646850109100342,-2.3013193607330322,1.210503101348877
1772811917613803000,7.420802978515625,-6.248285293579102,-2.0279595851898193,1.1320374011993408
1772811917623504000,7.43050390625,-6.4179816246032715,-1.7349326610565186,1.162801742553711
1772811917633204700,7.440204833984375,-6.378656387329102,-1.5777487754821777,1.446871280670166
1772811917642905300,7.4499052734375,-6.062032699584961,-1.2215683460235596,1.655442237854004
1772811917652606200,7.459606201171875,-5.4588446617126465,-0.694817066192627,1.7225091457366943
1772811917662307000,7.46930712890625,-4.294673919677734,-0.16080093383789062,2.0428543090820312
1772811917672008000,7.479008056640625,-2.9045896530151367,0.29730939865112305,2.864217519760132
1772811917681708500,7.48870849609375,-1.6512107849121094,0.7693109512329102,3.5983290672302246
1772811917691409400,7.498409423828125,-0.24190902709960938,1.7351198196411133,4.183951377868652
1772811917701110300,7.5081103515625,1.579317569732666,3.292757511138916,5.280484199523926
1772811917710811000,7.517810791015625,3.582828998565674,5.721340179443359,6.781126976013184
1772811917720511700,7.52751171875,5.4965715408325195,8.277772903442383,8.606589317321777
1772811917730212600,7.537212646484375,7.062030792236328,9.878761291503906,11.025274276733398
1772811917739913500,7.54691357421875,7.923553943634033,11.131549835205078,12.513289451599121
1772811917749614300,7.5566142578125,8.20280647277832,11.694616317749023,12.553901672363281
1772811917759315000,7.56631494140625,8.691884994506836,11.559576988220215,12.287863731384277
1772811917769015800,7.576015869140625,9.961100578308105,10.329343795776367,11.297574043273926
1772811917778716700,7.585716552734375,11.781888961791992,8.28305435180664,9.202241897583008
1772811917788417300,7.595417236328125,12.73139476776123,5.933640480041504,5.873738765716553
1772811917798118100,7.6051181640625,13.303489685058594,4.926929473876953,0.8638947606086731
1772811917807819000,7.614819091796875,14.527372360229492,5.042301177978516,-4.080474853515625
1772811917817519600,7.62451953125,16.417888641357422,4.596077919006348,-6.115945339202881
1772811917827220500,7.634220458984375,17.76897430419922,3.148743152618408,-5.346776485443115
1772811917836921300,7.64392138671875,16.965679168701172,1.974766731262207,-3.5448219776153564
1772811917846622200,7.653622314453125,13.85353946685791,1.43646240234375,-2.4385387897491455
1772811917856323000,7.663322998046875,9.489768981933594,1.4836883544921875,-2.280778408050537
1772811917866023700,7.673023681640625,5.03585958480835,1.239344596862793,-2.440718412399292
1772811917875724500,7.682724609375,1.5898170471191406,0.26788902282714844,-2.7657976150512695
1772811917885425200,7.692425048828125,-0.43451404571533203,-1.3425226211547852,-3.2421398162841797
1772811917895126000,7.7021259765625,-1.4368963241577148,-3.188894271850586,-3.958279848098755
1772811917904827000,7.711826904296875,-1.8879122734069824,-4.966424942016602,-4.536229133605957
1772811917914527700,7.72152783203125,-2.1625876426696777,-6.663939476013184,-5.156673908233643
1772811917924228400,7.731228271484375,-2.909730911254883,-7.949440956115723,-5.658351898193359
1772811917933929200,7.74092919921875,-4.351322174072266,-8.864641189575195,-5.764594078063965
1772811917943630000,7.750630126953125,-6.10939884185791,-9.336502075195312,-5.650191307067871
1772811917953331000,7.7603310546875,-7.506680011749268,-9.573405265808105,-5.309468746185303
1772811917963031600,7.770031494140625,-8.379993438720703,-9.503583908081055,-4.874312877655029
1772811917972732400,7.779732421875,-8.72456169128418,-9.554740905761719,-4.309875965118408
1772811917982433300,7.789433349609375,-8.805007934570312,-9.594671249389648,-3.840264081954956
1772811917992134000,7.7991337890625,-8.383182525634766,-9.46458625793457,-3.560730218887329
1772811918001834800,7.808834716796875,-7.70786714553833,-9.399848937988281,-3.4748144149780273
1772811918011535600,7.81853564453125,-7.023312568664551,-9.311996459960938,-3.406222105026245
1772811918021236500,7.828236572265625,-6.601202487945557,-9.092412948608398,-2.9868581295013428
1772811918030937300,7.837937255859375,-6.350581169128418,-8.793436050415039,-2.366175413131714
1772811918040638000,7.847637939453125,-6.427735328674316,-8.600926399230957,-1.6223543882369995
1772811918050338800,7.8573388671875,-6.408200740814209,-8.384055137634277,-0.9260082840919495
1772811918060039400,7.867039306640625,-6.4205098152160645,-8.039047241210938,-0.32135096192359924
1772811918069740300,7.876740234375,-6.123183727264404,-7.886262893676758,0.047906726598739624
1772811918079441200,7.886441162109375,-5.674727916717529,-7.647609233856201,0.21318164467811584
1772811918089142000,7.89614208984375,-5.22885799407959,-7.438074588775635,0.37125474214553833
1772811918098842600,7.905842529296875,-4.834179401397705,-7.2424211502075195,0.44738417863845825
1772811918108543500,7.91554345703125,-4.668453693389893,-7.085553169250488,0.39398014545440674
1772811918118244400,7.925244384765625,-4.597650527954102,-6.907865524291992,0.2309054136276245
1772811918127945200,7.9349453125,-4.581062316894531,-6.779177665710449,0.06436896324157715
1772811918137645800,7.944645751953125,-4.43130350112915,-6.530762672424316,0.032997190952301025
1772811918147346700,7.9543466796875,-4.092525482177734,-6.182660102844238,0.10277807712554932
1772811918157047600,7.964047607421875,-3.6918811798095703,-5.928252220153809,0.23502898216247559
1772811918166748200,7.973748046875,-3.3661856651306152,-5.621950149536133,0.5313262939453125
1772811918176449000,7.983448974609375,-2.863753080368042,-5.109132766723633,0.8647728562355042
1772811918186150000,7.99314990234375,-2.0789291858673096,-4.290394306182861,0.7950581312179565
1772811918195850800,8.002850830078126,-0.9439125061035156,-3.1965420246124268,0.8804731965065002
1772811918205551600,8.012551513671875,0.3320441246032715,-1.8807148933410645,1.264428973197937
1772811918215252200,8.022252197265624,2.0415892601013184,-0.42734289169311523,1.7409732341766357
1772811918224953000,8.031953125,4.273458957672119,1.3457183837890625,2.134514093399048
1772811918234653700,8.04165380859375,6.376016139984131,3.572493553161621,2.3646509647369385
1772811918244354600,8.0513544921875,8.060120582580566,5.4608049392700195,2.59157395362854
1772811918254055400,8.061055419921875,9.053210258483887,7.715749263763428,1.5852251052856445
1772811918263756300,8.07075634765625,10.13772201538086,10.433289527893066,-0.7978078126907349
1772811918273457000,8.080456787109375,12.561605453491211,12.739710807800293,-3.697870969772339
1772811918283157800,8.09015771484375,15.971039772033691,14.487310409545898,-6.23173713684082
1772811918292858600,8.099858642578125,19.672592163085938,15.807809829711914,-8.038987159729004
1772811918302559500,8.1095595703125,22.779197692871094,17.256324768066406,-8.464856147766113
1772811918312260000,8.119260009765625,24.640731811523438,18.079092025756836,-6.789717197418213
1772811918321961000,8.1289609375,25.3575439453125,17.9747314453125,-3.442547559738159
1772811918331661800,8.138661865234376,24.887022018432617,17.45362091064453,-0.09789133071899414
1772811918341362400,8.148362548828125,23.29425621032715,16.30921745300293,2.5756545066833496
1772811918351063300,8.158063232421876,20.290998458862305,14.69778060913086,4.161436557769775
1772811918360764200,8.16776416015625,16.286245346069336,13.183815956115723,3.9582440853118896
1772811918370465000,8.177465087890624,12.394983291625977,11.190802574157715,2.3047235012054443
1772811918380165600,8.18716552734375,9.285835266113281,8.51138687133789,0.6498274803161621
1772811918389866500,8.196866455078125,7.136548042297363,5.641490459442139,-0.7090402841567993
1772811918399567400,8.2065673828125,5.3282599449157715,2.8190412521362305,-0.9994495511054993
1772811918409268000,8.21626806640625,3.3693995475769043,0.04759407043457031,-0.15311628580093384
1772811918418968800,8.22596875,1.0255565643310547,-2.761291980743408,1.206405520439148
1772811918428669700,8.235669677734375,-1.8604693412780762,-5.77390193939209,2.4304966926574707
1772811918438370600,8.24537060546875,-5.129587173461914,-8.128615379333496,2.813873291015625
1772811918448071200,8.2550712890625,-7.847175121307373,-9.3484525680542,2.0955235958099365
1772811918457772000,8.26477197265625,-9.758626937866211,-10.3337984085083,1.083033800125122
1772811918467473000,8.274472900390625,-10.894256591796875,-11.127216339111328,0.4680783152580261
1772811918477173500,8.284173583984375,-11.387807846069336,-11.586311340332031,0.2477560043334961
1772811918486874400,8.293874267578126,-11.597694396972656,-11.818193435668945,-0.09805238246917725
1772811918496575200,8.3035751953125,-11.808807373046875,-11.660392761230469,-0.5349186658859253
1772811918506276000,8.313276123046874,-11.904911041259766,-11.208212852478027,-0.7908800840377808
1772811918515976700,8.322976806640625,-11.799564361572266,-10.79617691040039,-0.6486527919769287
1772811918525677600,8.332677490234374,-11.686883926391602,-10.283955574035645,-0.2425004243850708
1772811918535378400,8.34237841796875,-11.306175231933594,-9.749018669128418,0.5091441869735718
1772811918545079300,8.352079345703125,-10.829828262329102,-9.377513885498047,1.5252329111099243
1772811918554780000,8.36177978515625,-10.40137767791748,-8.761270523071289,3.112367868423462
1772811918564480800,8.371480712890625,-9.259350776672363,-8.347182273864746,4.339779376983643
1772811918574181400,8.381181396484376,-7.602692604064941,-7.713409900665283,5.354574203491211
1772811918583882200,8.39088232421875,-6.4453043937683105,-7.6663923263549805,5.796746253967285
1772811918593583000,8.4005830078125,-5.156228065490723,-7.210543632507324,6.257991790771484
1772811918603284000,8.410283935546875,-4.384969234466553,-6.9308576583862305,6.421350479125977
1772811918612984800,8.41998486328125,-4.230552673339844,-6.701259613037109,6.454517841339111
1772811918622685400,8.429685546875,-4.285979270935059,-6.7485504150390625,5.762536525726318
1772811918632386300,8.43938623046875,-4.021270275115967,-7.165200233459473,4.596283435821533
1772811918642087000,8.4490869140625,-4.073413372039795,-7.606353759765625,3.314324378967285
1772811918651787800,8.458787841796875,-4.333479881286621,-7.960224628448486,2.357933521270752
1772811918661488600,8.468488525390624,-4.794200897216797,-8.241883277893066,1.5463793277740479
1772811918671189500,8.478189453125,-4.9526190757751465,-8.468839645385742,0.936644971370697
1772811918680890400,8.487890380859374,-4.821475505828857,-8.424239158630371,0.51068115234375
1772811918690591000,8.497591064453125,-4.441638469696045,-8.433003425598145,0.39360296726226807
1772811918700291800,8.507291748046875,-4.118075370788574,-8.490215301513672,0.4328829050064087
1772811918709992700,8.51699267578125,-4.123035430908203,-8.411407470703125,0.6589909195899963
1772811918719693300,8.526693359375,-4.209784030914307,-7.943362236022949,0.7400408983230591
1772811918729394200,8.536394287109376,-4.42216682434082,-7.103320121765137,0.9359928965568542
1772811918739095000,8.546094970703125,-3.9756898880004883,-6.565115451812744,1.042092204093933
1772811918748795600,8.555795654296874,-2.723637104034424,-5.309360504150391,0.5664768815040588
1772811918758496500,8.56549658203125,-2.5130395889282227,-3.5230045318603516,0.29711270332336426
1772811918768197400,8.575197265625,-2.695216178894043,-1.6749839782714844,0.027724742889404297
1772811918777898200,8.584898193359376,-2.907672882080078,0.3476405143737793,-0.39693570137023926
1772811918787598800,8.594598876953125,-2.644240379333496,2.6215500831604004,-0.2151932716369629
1772811918797299700,8.6042998046875,-1.0777201652526855,5.008310317993164,0.43589329719543457
1772811918807000600,8.61400048828125,1.6193852424621582,6.910769462585449,1.569273591041565
1772811918816701200,8.623701171875,4.272739410400391,9.46803092956543,1.259631633758545
1772811918826402000,8.633402099609375,7.176242351531982,13.281105041503906,-1.1531479358673096
1772811918836103000,8.64310302734375,9.497549057006836,16.82915687561035,0.7693279981613159
1772811918845803800,8.6528037109375,8.433221817016602,17.511943817138672,5.854979515075684
1772811918855504400,8.66250439453125,6.325106620788574,15.577638626098633,7.640360355377197
1772811918865205200,8.672205322265626,7.828634262084961,14.938191413879395,5.856950759887695
1772811918874905900,8.68190576171875,12.817842483520508,12.081924438476562,2.0318479537963867
1772811918884606700,8.691606689453126,18.214107513427734,9.778493881225586,-2.1923792362213135
1772811918894307600,8.7013076171875,21.083322525024414,7.797637939453125,-4.541976451873779
1772811918904008400,8.711008544921874,21.479148864746094,6.603641986846924,-5.36225700378418
1772811918913709300,8.720709228515625,18.886249542236328,6.088656902313232,-6.3671159744262695
1772811918923410000,8.730409912109375,16.936050415039062,5.87814474105835,-6.747643947601318
1772811918933110800,8.74011083984375,14.454316139221191,5.100470066070557,-5.938127517700195
1772811918942811400,8.749811279296875,12.235403060913086,3.7759456634521484,-4.58076810836792
1772811918952512300,8.75951220703125,10.106647491455078,2.276299476623535,-3.0812745094299316
1772811918962213000,8.769213134765625,7.898242473602295,0.7244763374328613,-1.6238203048706055
1772811918971914000,8.7789140625,5.466343402862549,-0.5876078605651855,-0.7158007621765137
1772811918981614800,8.78861474609375,2.573108673095703,-1.0099196434020996,-0.013440907001495361
1772811918991315500,8.7983154296875,-0.2607760429382324,-1.3934736251831055,0.9820861220359802
1772811919001016300,8.808016357421875,-2.8632631301879883,-2.563155174255371,1.7784209251403809
1772811919010717000,8.817717041015625,-4.720983028411865,-3.6579971313476562,1.2995728254318237
1772811919020417800,8.827417724609376,-5.491477966308594,-4.677045822143555,0.40726226568222046
1772811919030118700,8.83711865234375,-5.833346366882324,-5.808483123779297,-0.39109089970588684
1772811919039819500,8.846819580078124,-6.248100280761719,-6.42732048034668,-1.270301342010498
1772811919049520000,8.85652001953125,-6.738086700439453,-6.7017364501953125,-1.9134258031845093
1772811919059221000,8.866220947265624,-7.251189708709717,-6.891351699829102,-2.295881986618042
1772811919068921900,8.875921875,-7.528936386108398,-6.873647212982178,-2.394920825958252
1772811919078622500,8.88562255859375,-7.446071624755859,-6.59670352935791,-2.261265754699707
1772811919088323300,8.8953232421875,-6.924650192260742,-6.132148742675781,-2.0165855884552
1772811919098024200,8.905024169921875,-6.159675121307373,-5.571856498718262,-1.4761608839035034
1772811919107725000,8.91472509765625,-4.927102088928223,-4.859561443328857,-0.6148871183395386
1772811919117425700,8.92442578125,-3.8951334953308105,-3.9658117294311523,0.3245418667793274
1772811919127126500,8.93412646484375,-3.177346706390381,-3.079779624938965,1.0052767992019653
1772811919136827400,8.943827392578125,-2.4378392696380615,-2.079664707183838,1.304182529449463
1772811919146528000,8.953528076171875,-1.8456695079803467,-1.1466188430786133,1.5615453720092773
1772811919156228900,8.963228759765625,-1.724879264831543,-0.42366552352905273,1.3715064525604248
1772811919165929700,8.9729296875,-1.591731071472168,-0.0014739036560058594,0.5373783707618713
1772811919175630300,8.98263037109375,-1.2194533348083496,0.17374658584594727,-0.5069370269775391
1772811919185331200,8.992331298828125,-0.8902416229248047,0.3091912269592285,-1.5620343685150146
1772811919195032000,9.002031982421874,-0.4611520767211914,0.1726665496826172,-1.9757376909255981
1772811919204733000,9.01173291015625,0.10470914840698242,0.3556790351867676,-2.092057228088379
1772811919214433500,9.02143359375,0.4424862861633301,0.42183399200439453,-2.0789401531219482
1772811919224134400,9.031134521484375,0.29195451736450195,0.04320096969604492,-1.8966259956359863
1772811919233835300,9.040835205078125,0.26708316802978516,-0.46980714797973633,-1.3666538000106812
1772811919243536000,9.050535888671876,0.7835869789123535,-0.7405314445495605,-0.2567562162876129
1772811919253236700,9.06023681640625,1.6342382431030273,-0.8751139640808105,1.1147449016571045
1772811919262937600,9.0699375,2.5486083030700684,-0.629234790802002,2.1760306358337402
1772811919272638500,9.079638427734375,3.261046886444092,-0.23868179321289062,2.4659249782562256
1772811919282339000,9.089339111328124,3.6268844604492188,0.24127626419067383,1.8122689723968506
1772811919292040000,9.0990400390625,3.440779685974121,0.6386642456054688,0.9014320969581604
1772811919301740500,9.108740478515625,2.948780059814453,0.8443689346313477,0.3040850758552551
1772811919311441400,9.11844140625,2.4872922897338867,0.9323315620422363,0.2512194514274597
1772811919321142300,9.128142333984375,2.2517075538635254,0.8971691131591797,0.42239415645599365
1772811919330843100,9.137843017578126,1.7717595100402832,0.8978862762451172,0.7276447415351868
1772811919340544000,9.1475439453125,1.1437206268310547,0.8532619476318359,1.161665439605713
1772811919350244600,9.15724462890625,0.7100796699523926,0.9276390075683594,1.440222978591919
1772811919359945500,9.166945556640625,0.20546817779541016,0.9724283218383789,1.6052554845809937
1772811919369646000,9.17664599609375,-0.24551963806152344,0.8922371864318848,1.5850951671600342
1772811919379347000,9.186346923828125,-0.3411407470703125,0.7324361801147461,1.2987046241760254
1772811919389047800,9.1960478515625,-0.3798942565917969,0.5516800880432129,0.7741283178329468
1772811919398748700,9.205748779296876,-0.6728568077087402,0.7250823974609375,0.22705107927322388
1772811919408449500,9.215449462890625,-1.9453134536743164,1.0467100143432617,0.16050469875335693
1772811919418150100,9.225150146484374,-2.9095983505249023,1.3255467414855957,0.13524305820465088
1772811919427851000,9.23485107421875,-3.618865489959717,1.3220458030700684,0.2901375889778137
1772811919437551600,9.244551513671874,-3.591761589050293,1.1944608688354492,0.2489655613899231
1772811919447252500,9.25425244140625,-2.9924139976501465,0.993077278137207,0.024535775184631348
1772811919456953300,9.263953369140625,-2.264057159423828,0.6768798828125,-0.31849387288093567
1772811919466654200,9.273654296875,-1.5850496292114258,0.4785761833190918,-0.5289657711982727
1772811919476354800,9.283354736328125,-1.296309471130371,0.49506187438964844,-0.5456521511077881
1772811919486055700,9.2930556640625,-1.4643058776855469,0.5385217666625977,-0.4827447831630707
